{
  "norm_stats": {
    "state": {
      "mean": [
        -0.04652611166238785,
        0.034395575523376465,
        0.7645326256752014,
        2.972200632095337,
        -0.22040514647960663,
        -0.12562009692192078,
        0.026915626600384712,
        -0.02719222754240036
      ],
      "std": [
        0.10494592040777206,
        0.15176665782928467,
        0.37852945923805237,
        0.3442988693714142,
        0.9069637656211853,
        0.3253786265850067,
        0.014175431802868843,
        0.014058168977499008
      ],
      "q01": [
        -0.3992278680294752,
        -0.2688781352341175,
        0.0380015922319144,
        1.5083277968406676,
        -2.721004430627823,
        -1.0813218128442763,
        0.00173520012809895,
        -0.04004424215038307
      ],
      "q99": [
        0.13532010269463068,
        0.33566314613819126,
        1.2698724751349537,
        3.2765059180259706,
        2.405436800289154,
        0.5971528978824616,
        0.04030334069116507,
        -0.0017878379381960213
      ]
    },
    "actions": {
      "mean": [
        0.05515800043940544,
        0.08770468831062317,
        -0.08735653758049011,
        0.0007100921357050538,
        0.005471237003803253,
        -0.005537765566259623,
        -0.04559307545423508
      ],
      "std": [
        0.331879198551178,
        0.3758169412612915,
        0.448102205991745,
        0.039334457367658615,
        0.06358090043067932,
        0.07857435941696167,
        0.9989600777626038
      ],
      "q01": [
        -0.7072499999999999,
        -0.7983750000000001,
        -0.9375,
        -0.11467779144644738,
        -0.16425,
        -0.2240490057706833,
        -1.0
      ],
      "q99": [
        0.937125,
        0.86775,
        0.937125,
        0.1315075716376305,
        0.19169999999999998,
        0.33742949963808055,
        0.9996
      ]
    }
  }
}