{
  "norm_stats": {
    "state": {
      "mean": [
        -0.04652611166238785,
        0.034395575523376465,
        0.7645326256752014,
        2.972200632095337,
        -0.22040514647960663,
        -0.12562009692192078,
        0.026915626600384712,
        -0.02719222754240036
      ],
      "std": [
        0.10494592040777206,
        0.15176665782928467,
        0.37852945923805237,
        0.3442988693714142,
        0.9069637656211853,
        0.3253786265850067,
        0.014175431802868843,
        0.014058168977499008
      ],
      "q01": [
        -0.3992278680294752,
        -0.2688781352341175,
        0.0380015922319144,
        1.5083277968406676,
        -2.721004430627823,
        -1.0813218128442763,
        0.00173520012809895,
        -0.04004424215038307
      ],
      "q99": [
        0.13532010269463068,
        0.33566314613819126,
        1.2698724751349537,
        3.2765059180259706,
        2.405436800289154,
        0.5971528978824616,
        0.04030334069116507,
        -0.0017878379381960213
      ]
    },
    "actions": {
      "mean": [
        0.07568148523569107,
        0.05968383327126503,
        -0.8367448449134827,
        -2.9714200496673584,
        0.2261561155319214,
        0.1196795254945755,
        -0.036656104028224945
      ],
      "std": [
        0.34767740964889526,
        0.4165341854095459,
        0.6324923634529114,
        0.35085242986679077,
        0.9100675582885742,
        0.3442595899105072,
        0.9993279576301575
      ],
      "q01": [
        -0.7208541121482849,
        -0.8868184668779373,
        -2.106135165309906,
        -3.304920039618015,
        -2.4087022605895996,
        -0.612867480635643,
        -1.0
      ],
      "q99": [
        1.056423110961914,
        1.0344543171405793,
        0.7893895148277283,
        -1.4827538097798825,
        2.7261291843414304,
        1.123977009344101,
        0.9996
      ]
    }
  }
}